{
	"frames": {
		"Music_Btn.png": {
			"frame": {
				"x": 1,
				"y": 1,
				"w": 200,
				"h": 200
			},
			"rotated": false,
			"trimmed": false,
			"spriteSourceSize": {
				"x": 0,
				"y": 0,
				"w": 200,
				"h": 200
			},
			"sourceSize": {
				"w": 200,
				"h": 200
			}
		},
		"Music_Red_Btn.png": {
			"frame": {
				"x": 203,
				"y": 1,
				"w": 200,
				"h": 200
			},
			"rotated": false,
			"trimmed": false,
			"spriteSourceSize": {
				"x": 0,
				"y": 0,
				"w": 200,
				"h": 200
			},
			"sourceSize": {
				"w": 200,
				"h": 200
			}
		},
		"Quit_Btn.png": {
			"frame": {
				"x": 1,
				"y": 203,
				"w": 600,
				"h": 200
			},
			"rotated": false,
			"trimmed": false,
			"spriteSourceSize": {
				"x": 0,
				"y": 0,
				"w": 600,
				"h": 200
			},
			"sourceSize": {
				"w": 600,
				"h": 200
			}
		},
		"Quit_Red_Btn.png": {
			"frame": {
				"x": 1,
				"y": 405,
				"w": 600,
				"h": 200
			},
			"rotated": false,
			"trimmed": false,
			"spriteSourceSize": {
				"x": 0,
				"y": 0,
				"w": 600,
				"h": 200
			},
			"sourceSize": {
				"w": 600,
				"h": 200
			}
		},
		"Resume_Btn.png": {
			"frame": {
				"x": 1,
				"y": 607,
				"w": 600,
				"h": 200
			},
			"rotated": false,
			"trimmed": false,
			"spriteSourceSize": {
				"x": 0,
				"y": 0,
				"w": 600,
				"h": 200
			},
			"sourceSize": {
				"w": 600,
				"h": 200
			}
		},
		"Resume_Red_Btn.png": {
			"frame": {
				"x": 405,
				"y": 1,
				"w": 600,
				"h": 200
			},
			"rotated": false,
			"trimmed": false,
			"spriteSourceSize": {
				"x": 0,
				"y": 0,
				"w": 600,
				"h": 200
			},
			"sourceSize": {
				"w": 600,
				"h": 200
			}
		},
		"Settings_Btn.png": {
			"frame": {
				"x": 1007,
				"y": 1,
				"w": 200,
				"h": 200
			},
			"rotated": false,
			"trimmed": false,
			"spriteSourceSize": {
				"x": 0,
				"y": 0,
				"w": 200,
				"h": 200
			},
			"sourceSize": {
				"w": 200,
				"h": 200
			}
		},
		"Settings_Red_Btn.png": {
			"frame": {
				"x": 1209,
				"y": 1,
				"w": 200,
				"h": 200
			},
			"rotated": false,
			"trimmed": false,
			"spriteSourceSize": {
				"x": 0,
				"y": 0,
				"w": 200,
				"h": 200
			},
			"sourceSize": {
				"w": 200,
				"h": 200
			}
		},
		"Start_Btn.png": {
			"frame": {
				"x": 603,
				"y": 203,
				"w": 600,
				"h": 200
			},
			"rotated": false,
			"trimmed": false,
			"spriteSourceSize": {
				"x": 0,
				"y": 0,
				"w": 600,
				"h": 200
			},
			"sourceSize": {
				"w": 600,
				"h": 200
			}
		},
		"Start_Red_Btn.png": {
			"frame": {
				"x": 603,
				"y": 405,
				"w": 600,
				"h": 200
			},
			"rotated": false,
			"trimmed": false,
			"spriteSourceSize": {
				"x": 0,
				"y": 0,
				"w": 600,
				"h": 200
			},
			"sourceSize": {
				"w": 600,
				"h": 200
			}
		}
	},
	"meta": {
		"app": "http://www.codeandweb.com/texturepacker",
		"version": "1.0",
		"image": "spritesheet.png",
		"format": "RGBA8888",
		"size": {
			"w": 1410,
			"h": 808
		},
		"scale": "1"
	}
}