{
	"frames": {
		"Plasma Drone_explode_sheet.png": {
			"frame": {
				"x": 1,
				"y": 1,
				"w": 1152,
				"h": 204
			},
			"rotated": false,
			"trimmed": false,
			"spriteSourceSize": {
				"x": 0,
				"y": 0,
				"w": 1152,
				"h": 204
			},
			"sourceSize": {
				"w": 1152,
				"h": 204
			}
		},
		"Plasma Drone_fire_sheet.png": {
			"frame": {
				"x": 1,
				"y": 207,
				"w": 2560,
				"h": 128
			},
			"rotated": false,
			"trimmed": false,
			"spriteSourceSize": {
				"x": 0,
				"y": 0,
				"w": 2560,
				"h": 128
			},
			"sourceSize": {
				"w": 2560,
				"h": 128
			}
		},
		"Plasma Drone_idle_sheet.png": {
			"frame": {
				"x": 1,
				"y": 337,
				"w": 2184,
				"h": 92
			},
			"rotated": false,
			"trimmed": false,
			"spriteSourceSize": {
				"x": 0,
				"y": 0,
				"w": 2184,
				"h": 92
			},
			"sourceSize": {
				"w": 2184,
				"h": 92
			}
		},
		"Plasma ball_sheet.png": {
			"frame": {
				"x": 1155,
				"y": 1,
				"w": 512,
				"h": 64
			},
			"rotated": false,
			"trimmed": false,
			"spriteSourceSize": {
				"x": 0,
				"y": 0,
				"w": 512,
				"h": 64
			},
			"sourceSize": {
				"w": 512,
				"h": 64
			}
		}
	},
	"meta": {
		"app": "http://www.codeandweb.com/texturepacker",
		"version": "1.0",
		"image": "spritesheet.png",
		"format": "RGBA8888",
		"size": {
			"w": 2562,
			"h": 430
		},
		"scale": "1"
	}
}